nam1	CHR	POS	rsid	A1	A2	beta	pval	gbrfrq	tsifrq	meanaf	afdiff	SDSnorm	tSDS	tafdiff
ukbfam_wb	1	9338689	rs10746487	C	T	0.005801	0.5	NA	NA	NA	NA	2.308627269783665	2.308627269783665	NA
ukbfam_wb	1	11372913	rs2982372	C	T	0.0283	0.001571	NA	NA	NA	NA	1.2218453447147408	1.2218453447147408	NA
ukbfam_wb	1	17306029	rs9435731	A	C	0.01465	0.05189	NA	NA	NA	NA	1.023341067148001	1.023341067148001	NA
ukbfam_wb	1	17383439	rs72639756	G	A	-0.02019	0.1959	NA	NA	NA	NA	0.6457790398335358	-0.6457790398335358	NA
ukbfam_wb	1	17419024	rs11203297	A	G	9.361e-4	1	0.1573	0.148	0.15265	0.009300000000000003	-0.7384158722253361	-0.7384158722253361	0.13203164199582015
ukbfam_wb	1	19795951	rs10799816	G	A	0.008614	0.2796	0.5337000000000001	0.5	0.51685	0.03370000000000006	1.8970811902431506	1.8970811902431506	0.5056690408344878
ukbfam_wb	1	19871134	rs4529730	T	C	0.008769	0.2571	NA	NA	NA	NA	-0.2664727618553142	-0.2664727618553142	NA
ukbfam_wb	1	21525228	rs1609558	C	T	0.003247	0.8571	0.4382	0.4541	0.44615	-0.015900000000000025	0.7630818115148129	0.7630818115148129	-0.2538561633621475
ukbfam_wb	1	21584585	rs212525	G	A	0.006936	0.3429	0.6404000000000001	0.5663	0.60335	0.07410000000000005	0.5810891481637824	0.5810891481637824	1.1243145700591652
ukbfam_wb	1	22445991	rs3765351	T	C	-0.01116	0.1127	0.5056	0.5509999999999999	0.5283	-0.045399999999999885	0.36293590099211237	-0.36293590099211237	0.7055899037613531
ukbfam_wb	1	23406485	rs2235547	G	C	-0.001181	0.8	0.5506	0.4592	0.5049	0.09139999999999998	2.265040740972603	-2.265040740972603	-1.3892296110390385
ukbfam_wb	1	26493171	rs10794523	A	G	0.01309	0.1366	0.4663	0.5408	0.5035499999999999	-0.07449999999999996	-0.17032714115423714	-0.17032714115423714	-1.1511984409009117
ukbfam_wb	1	32428260	rs67215295	A	C	0.009196	0.8571	NA	NA	NA	NA	-0.25117852886082576	-0.25117852886082576	NA
ukbfam_wb	1	33833211	rs190223154	A	G	-0.02123	0.1099	NA	NA	NA	NA	-0.5186523438946841	0.5186523438946841	NA
ukbfam_wb	1	36773405	rs35343437	G	T	0.01377	0.1073	NA	NA	NA	NA	1.5597865898364784	1.5597865898364784	NA
ukbfam_wb	1	38023822	rs11586828	A	G	0.01137	0.4545	0.0618	0.03061	0.046204999999999996	0.031190000000000002	0.20689032071375538	0.20689032071375538	0.4672333903801814
ukbfam_wb	1	38271495	rs3795494	A	G	-0.01648	0.02167	0.573	0.4541	0.51355	0.11889999999999995	1.5471808473751465	-1.5471808473751465	-1.8103373351399945
ukbfam_wb	1	38397369	rs35267671	T	C	-0.01592	0.05366	NA	NA	NA	NA	0.18837337361040263	-0.18837337361040263	NA
ukbfam_wb	1	41421540	rs72661598	T	C	-0.01394	0.2	NA	NA	NA	NA	1.4848091565843973	-1.4848091565843973	NA
ukbfam_wb	1	41615358	rs213769	T	C	-0.01779	0.03816	0.3933	0.5051	0.4492	-0.11180000000000001	-0.7333694639792756	0.7333694639792756	1.7223736448633005
ukbfam_wb	1	47974381	rs12143164	T	C	0.002057	1	NA	NA	NA	NA	-1.9401371709450552	-1.9401371709450552	NA
ukbfam_wb	1	78540733	rs4245660	T	C	0.004928	0.5312	0.6348	0.5867	0.61075	0.04810000000000003	1.8054213153090228	1.8054213153090228	0.7261763581818972
ukbfam_wb	1	86278315	rs313746	G	A	0.007353	0.6842	0.3258	0.4235	0.37465	-0.09770000000000001	0.15788340091126318	0.15788340091126318	-1.5064602299606284
ukbfam_wb	1	88607616	rs4411112	G	A	-0.004437	0.6	0.8876	0.8878	0.8876999999999999	-2.00000000000089e-4	0.7110885092630689	-0.7110885092630689	0.013441935420875246
ukbfam_wb	1	93434725	rs7517539	A	G	-0.01198	0.2477	0.8652	0.8112	0.8382000000000001	0.05399999999999994	0.0038405506034277104	-0.0038405506034277104	-0.8165231062617373
ukbfam_wb	1	103575991	rs11164673	A	C	-0.01924	0.008761	0.5337000000000001	0.4592	0.49645000000000006	0.07450000000000007	-1.2482704640080786	1.2482704640080786	-1.1304397733188158
ukbfam_wb	1	156106185	rs505058	C	T	0.02283	0.1639	0.0618	0.1378	0.0998	-0.07600000000000001	-0.952956685873526	-0.952956685873526	-1.174167953124601
ukbfam_wb	1	171643255	rs114549212	T	G	0.0496	0.002231	NA	NA	NA	NA	0.6137842664776634	0.6137842664776634	NA
ukbfam_wb	1	172087026	rs10158753	G	A	0.02477	6.35e-4	0.5056	0.5051	0.50535	5.00000000000056e-4	-0.5912695913535837	-0.5912695913535837	-0.002722829716485047
ukbfam_wb	1	172297343	rs10158839	G	C	0.003533	0.65	0.4157	0.6224000000000001	0.51905	-0.20670000000000005	-1.9290714752339948	-1.9290714752339948	-3.175578118215329
ukbfam_wb	1	172408271	rs10752957	G	A	-0.01423	0.058	0.573	0.6224000000000001	0.5977	-0.04940000000000011	-0.5488003445902442	0.5488003445902442	0.7668419363578594
ukbfam_wb	1	172439399	rs72725279	A	G	0.01078	0.5714	NA	NA	NA	NA	-0.05650222595776236	-0.05650222595776236	NA
ukbfam_wb	1	176306387	rs77472916	C	T	0.02837	0.06358	NA	NA	NA	NA	-1.4577844883390567	-1.4577844883390567	NA
ukbfam_wb	1	176935711	rs10798489	C	T	-0.0112	0.4651	NA	NA	NA	NA	0.13778654005857524	-0.13778654005857524	NA
ukbfam_wb	1	184113245	rs732812	C	T	0.01501	0.06011	0.4775	0.4184	0.44794999999999996	0.059099999999999986	2.8617352455280294	2.8617352455280294	0.894619447822279
ukbfam_wb	1	214624286	rs6698007	G	T	-0.005626	0.5143	0.4607	0.4898	0.47525	-0.029100000000000015	0.36528265683559646	-0.36528265683559646	0.4559878709306064
ukbfam_wb	1	217804955	rs10495062	C	T	0.009822	0.1847	0.4494	0.3929	0.42115	0.056499999999999995	1.7542790056278112	1.7542790056278112	0.8548056266345524
ukbfam_wb	1	218458058	rs3753592	C	T	0.007462	0.2389	0.3876	0.3929	0.39025	-0.005300000000000027	-0.5361414856507487	-0.5361414856507487	-0.09153827698141528
ukbfam_wb	1	227583800	rs3014274	G	A	0.01376	0.07604	0.3876	0.4031	0.39535	-0.015500000000000014	-0.03458598400786963	-0.03458598400786963	-0.24773096010249707
ukbfam_wb	1	227596280	rs12408981	G	A	0.0192	0.008172	0.5393	0.6327	0.5860000000000001	-0.09340000000000004	-0.4506964117861462	-0.4506964117861462	-1.4406142949193883
ukbfam_wb	2	10194487	rs7632	C	T	-0.01591	0.03632	0.5337000000000001	0.4745	0.5041	0.059200000000000086	1.148452611868938	-1.148452611868938	-0.8961507486371931
ukbfam_wb	2	20352060	rs4666296	C	T	-0.01515	0.42	0.04494	0.02041	0.032675	0.02453	0.19969652309489716	-0.19969652309489716	-0.3652487561070043
ukbfam_wb	2	25239969	rs12466350	T	C	0.03237	2.5e-5	0.4719	0.6173	0.5446	-0.14539999999999997	-0.30728977580976635	-0.30728977580976635	-2.236890718673923
ukbfam_wb	2	25589466	rs10196664	G	A	0.01821	0.1032	0.09551	0.09694	0.096225	-0.0014300000000000007	0.13053281350235493	0.13053281350235493	-0.03227693544429849
ukbfam_wb	2	28623047	rs4617998	C	T	0.01117	0.1824	0.5448999999999999	0.5102	0.52755	0.03469999999999995	-0.15030583543987444	-0.15030583543987444	0.5209820489836118
ukbfam_wb	2	33341172	rs7583121	G	A	0.003066	1	0.4157	0.5102	0.46295	-0.09449999999999997	0.8834119864173915	0.8834119864173915	-1.4574586038834256
ukbfam_wb	2	33346387	rs78879228	G	T	-0.0262	0.05709	NA	NA	NA	NA	-1.3655981126374848	1.3655981126374848	NA
ukbfam_wb	2	33401632	rs10495783	T	C	0.009596	0.2137	0.5337000000000001	0.5255000000000001	0.5296000000000001	0.008199999999999985	-0.27610486031693315	-0.27610486031693315	0.11518733303178165
ukbfam_wb	2	33527299	rs41464348	A	G	-0.01198	0.1174	NA	NA	NA	NA	0.6672077769373014	-0.6672077769373014	NA
ukbfam_wb	2	33554191	rs57489629	T	G	0.01061	0.5312	NA	NA	NA	NA	-1.585916542289961	-1.585916542289961	NA
ukbfam_wb	2	36833861	rs1548894	A	G	0.009225	0.1812	NA	NA	NA	NA	-1.204943798330059	-1.204943798330059	NA
ukbfam_wb	2	43587504	rs6732426	T	C	-0.002866	0.8571	0.4888	0.5	0.4944	-0.011199999999999988	0.20167714926925237	-0.20167714926925237	0.18188502506125623
ukbfam_wb	2	46746745	rs896210	A	G	-0.01154	0.127	0.4663	0.4694	0.46785	-0.0030999999999999917	-1.4272331790538335	1.4272331790538335	0.05784965905333824
ukbfam_wb	2	55970143	rs17278148	C	T	0.02828	0.02241	NA	NA	NA	NA	1.684696346843723	1.684696346843723	NA
ukbfam_wb	2	56123331	rs1077778	T	C	-0.0106	0.2	NA	NA	NA	NA	-0.3837204373207806	0.3837204373207806	NA
ukbfam_wb	2	56150349	rs17278890	C	T	-0.03789	0.007645	0.05056	0.08163	0.066095	-0.031069999999999993	-0.03084545843996339	0.03084545843996339	0.48615449698438373
ukbfam_wb	2	56217834	rs6545537	A	G	0.01615	0.0771	0.2865	0.2398	0.26315	0.046699999999999964	0.9047385132066129	0.9047385132066129	0.7047381467731202
ukbfam_wb	2	69330445	rs10179227	G	A	0.02117	0.06022	0.1011	0.1327	0.1169	-0.03160000000000002	-2.7326356727334793	-2.7326356727334793	-0.4942703913034207
ukbfam_wb	2	105439281	rs67918421	T	G	-0.0115	0.3793	NA	NA	NA	NA	-0.445403722812572	0.445403722812572	NA
ukbfam_wb	2	106019433	rs78482078	T	C	-0.0161	0.1376	NA	NA	NA	NA	-0.006985699940099029	0.006985699940099029	NA
ukbfam_wb	2	121627175	rs4848126	G	A	-0.008193	0.2766	0.5	0.5459	0.52295	-0.04590000000000005	0.5901476902784019	-0.5901476902784019	0.7132464078359185
ukbfam_wb	2	164448331	rs4667697	G	A	-0.03282	0.001059	0.191	0.2704	0.2307	-0.07939999999999997	-2.078023160159287	2.078023160159287	1.2262321808316277
ukbfam_wb	2	169737851	rs524586	G	A	0.02062	0.00604	0.5281	0.5	0.51405	0.028100000000000014	1.9201741022043004	1.9201741022043004	0.4199161951993832
ukbfam_wb	2	172418755	rs72885919	T	C	-0.005593	0.5	NA	NA	NA	NA	0.9243879884831885	-0.9243879884831885	NA
ukbfam_wb	2	191660828	rs35917062	A	G	-0.03521	0.004347	NA	NA	NA	NA	0.1989473106410996	-0.1989473106410996	NA
ukbfam_wb	2	199696832	rs10931835	C	T	-0.007604	0.3086	NA	NA	NA	NA	0.6640132964324085	-0.6640132964324085	NA
ukbfam_wb	2	217905832	rs13387042	G	A	0.01326	0.09195	0.5281	0.5561	0.5421	-0.028000000000000025	0.09723483429361175	0.09723483429361175	-0.4391435619665683
ukbfam_wb	2	218358312	rs12472818	C	T	-0.01148	0.122	0.6067	0.5663	0.5865	0.04039999999999999	-0.1341535588409623	0.1341535588409623	-0.6082661954336288
ukbfam_wb	2	219066980	rs10206984	T	C	0.008802	0.2889	0.4719	0.5611999999999999	0.51655	-0.08929999999999993	1.5616982805338522	1.5616982805338522	-1.3778309615079716
ukbfam_wb	2	219669002	rs6436090	G	A	-0.01725	0.02181	0.5506	0.5611999999999999	0.5559	-0.010599999999999943	-0.48688130318768713	0.48688130318768713	0.17269722017178013
ukbfam_wb	2	219706535	rs10197074	T	C	-0.01381	0.08101	0.5	0.4541	0.47705	0.045899999999999996	-0.2617988177161864	0.2617988177161864	-0.6924877402538201
ukbfam_wb	2	219835489	rs11684531	G	A	-0.01513	0.1667	NA	NA	NA	NA	-0.07020245235252937	0.07020245235252937	NA
ukbfam_wb	2	220037666	rs1127102	G	A	0.01392	0.09195	0.5448999999999999	0.6582	0.60155	-0.11330000000000007	-0.40765331006393735	-0.40765331006393735	-1.74534315708699
ukbfam_wb	2	225047744	rs2629046	C	T	-0.01882	0.01377	0.4494	0.4031	0.42625	0.04630000000000001	0.0901229001823018	-0.0901229001823018	-0.6986129435134706
ukbfam_wb	2	225299163	rs12997147	T	C	0.01072	0.2	NA	NA	NA	NA	1.1011945004386365	1.1011945004386365	NA
ukbfam_wb	2	227241327	rs7576236	C	A	-0.008082	0.3333	0.236	0.3112	0.27359999999999995	-0.07519999999999999	-1.435605100423438	1.435605100423438	1.1619175466053002
ukbfam_wb	2	232740108	rs2341320	T	C	0.02058	0.004582	0.4663	0.3878	0.42705	0.07850000000000001	0.3407241561610377	0.3407241561610377	1.1916918059153176
ukbfam_wb	2	232788325	rs3107179	T	C	0.02216	0.003733	0.573	0.5611999999999999	0.5670999999999999	0.011800000000000033	0.1719137535967243	0.1719137535967243	0.17031416236863484
ukbfam_wb	2	233049441	rs3116191	A	G	0.0102	0.1442	NA	NA	NA	NA	0.4982885291102268	0.4982885291102268	NA
ukbfam_wb	2	233362267	rs1190462	T	C	-0.01147	0.1859	0.1798	0.3163	0.24805	-0.13650000000000004	-0.54107807687058	0.54107807687058	2.1006049461467056
ukbfam_wb	2	233415978	rs11899983	C	T	-0.002143	0.8571	NA	NA	NA	NA	-1.5218150910005146	1.5218150910005146	NA
ukbfam_wb	2	233791648	rs2592127	T	G	7.45e-4	0.8	NA	NA	NA	NA	0.718915767722098	0.718915767722098	NA
ukbfam_wb	3	24104259	rs1511536	T	C	-0.01008	0.2708	0.2247	0.199	0.21185	0.0257	-0.48172468032153976	0.48172468032153976	-0.3831649756414814
ukbfam_wb	3	30074874	rs4426642	G	A	0.00687	0.6	0.573	0.5969	0.58495	-0.023900000000000032	0.16783566283822907	0.16783566283822907	-0.3763602285551531
ukbfam_wb	3	38000885	rs6787874	A	G	0.021	0.01772	0.2247	0.2857	0.2552	-0.061	0.08260885751726474	0.08260885751726474	-0.9444728308877156
ukbfam_wb	3	52170862	rs6809294	C	G	0.007523	0.4651	NA	NA	NA	NA	-0.29186713701970113	-0.29186713701970113	NA
ukbfam_wb	3	52608672	rs74489188	T	C	0.01733	0.3012	NA	NA	NA	NA	1.4956853125124547	1.4956853125124547	NA
ukbfam_wb	3	53118739	rs2336725	T	C	-0.03024	8.716e-5	0.5618000000000001	0.6173	0.58955	-0.05549999999999988	-0.1741696283348118	0.1741696283348118	0.8602512860675225
ukbfam_wb	3	53147576	rs13088281	A	C	0.02716	0.02996	0.1067	0.1327	0.1197	-0.02600000000000001	-0.4928347437992379	-0.4928347437992379	-0.40851754566831666
ukbfam_wb	3	56715363	rs4681994	C	T	-0.0123	0.08964	0.4607	0.4031	0.4319	0.057599999999999985	-1.7329989462274333	1.7329989462274333	-0.8716499355985905
ukbfam_wb	3	72392310	rs11128264	T	C	-0.03522	4e-6	0.4944	0.4694	0.4819	0.025000000000000022	0.37768319853760424	-0.37768319853760424	-0.3724458699370937
ukbfam_wb	3	98681312	rs28637457	C	T	0.007023	0.8571	NA	NA	NA	NA	2.4774937997897015	2.4774937997897015	NA
ukbfam_wb	3	112842598	rs2045688	A	G	-0.006055	0.4348	0.5843	0.5816	0.5829500000000001	0.0027000000000000357	1.4582948532744826	-1.4582948532744826	-0.03096578821159115
ukbfam_wb	3	112851915	rs35593191	C	T	0.0123	0.09065	NA	NA	NA	NA	1.2363584265570169	1.2363584265570169	NA
ukbfam_wb	3	123042315	rs9819254	T	C	-0.004958	0.5312	0.5899	0.4949	0.5424	0.09499999999999997	1.034108184846074	-1.034108184846074	-1.4443564403758908
ukbfam_wb	3	129064722	rs6795866	G	A	0.004045	1	NA	NA	NA	NA	-1.32122657372844	-1.32122657372844	NA
ukbfam_wb	3	133942941	rs4077158	C	T	0.008238	0.4872	0.5056	0.602	0.5538000000000001	-0.09639999999999993	-0.04915174593262423	-0.04915174593262423	-1.4865533193667637
ukbfam_wb	3	136574501	rs1052618	G	A	-0.01529	0.0582	0.6461	0.6837	0.6649	-0.03759999999999997	1.249295519584393	-1.249295519584393	0.586148440198174
ukbfam_wb	3	141054579	rs2871887	T	C	0.03782	1e-6	0.5169	0.449	0.48295	0.06790000000000002	-0.7285419864559957	-0.7285419864559957	1.0293739195345855
ukbfam_wb	3	141114013	rs114097136	G	C	0.03684	0.02074	NA	NA	NA	NA	1.6874544235909548	1.6874544235909548	NA
ukbfam_wb	3	141137035	rs9825379	A	G	0.06178	1.082e-4	0.0618	0.06122	0.061509999999999995	5.800000000000041e-4	-0.9312628391443949	-0.9312628391443949	-0.001497789064555786
ukbfam_wb	3	141233904	rs73238079	A	G	-0.01862	0.1351	NA	NA	NA	NA	-0.07206617821586946	0.07206617821586946	NA
ukbfam_wb	3	141293755	rs13063991	C	T	0.01168	0.5	NA	NA	NA	NA	0.7276764370110876	0.7276764370110876	NA
ukbfam_wb	3	147000266	rs1814982	C	T	-0.006566	0.3117	0.4944	0.5509999999999999	0.5226999999999999	-0.05659999999999993	-0.590679076198323	0.590679076198323	0.8770955950315614
ukbfam_wb	3	156835419	rs4680339	G	T	-0.01392	0.06445	NA	NA	NA	NA	-0.8386927800633296	0.8386927800633296	NA
ukbfam_wb	3	158094422	rs6778370	T	C	-0.0158	0.03198	0.573	0.4745	0.5237499999999999	0.09849999999999998	0.811575384149459	-0.811575384149459	-1.4979519688978309
ukbfam_wb	3	171969077	rs7652177	G	C	0.02121	0.003671	0.4775	0.4541	0.4658	0.023399999999999976	1.8981554440713877	1.8981554440713877	0.3479450568984919
ukbfam_wb	3	172069075	rs565933	C	T	0.01824	0.01839	NA	NA	NA	NA	1.4799648909891958	1.4799648909891958	NA
ukbfam_wb	3	185563274	rs2098771	A	G	-0.02837	1.745e-4	0.6067	0.5969	0.6018	0.009800000000000031	-0.4652194199600739	0.4652194199600739	-0.13968814607038343
ukbfam_wb	3	187440506	rs1005099	A	C	-0.02059	0.009016	0.6011	0.6224000000000001	0.61175	-0.021300000000000097	0.6570413977312893	-0.6570413977312893	0.3365464073674273
ukbfam_wb	4	3473139	rs6831256	G	A	-0.0116	0.1402	0.4382	0.4133	0.42574999999999996	0.024899999999999978	-0.758698655411973	0.758698655411973	-0.3709145691221805
ukbfam_wb	4	8603895	rs4696701	C	T	-0.001508	1	NA	NA	NA	NA	0.6981709431275712	-0.6981709431275712	NA
ukbfam_wb	4	12860186	rs2540852	G	A	0.01003	0.2188	0.3764	0.4133	0.39485000000000003	-0.03689999999999999	0.12362431122345409	0.12362431122345409	-0.5754293344937864
ukbfam_wb	4	13003758	rs1040056	T	G	-0.009482	0.2523	0.5562	0.5357000000000001	0.54595	0.020499999999999963	0.6595633266925767	-0.6595633266925767	-0.3035373332660272
ukbfam_wb	4	13207050	rs6851567	G	A	0.009846	0.2177	0.382	0.3214	0.3517	0.06059999999999999	-0.06967955650059034	-0.06967955650059034	0.9175889600459676
ukbfam_wb	4	17780716	rs16895705	G	T	-0.02217	0.01493	NA	NA	NA	NA	-0.9945918346158285	0.9945918346158285	NA
ukbfam_wb	4	18241903	rs3988	G	A	-0.0108	0.1197	NA	NA	NA	NA	-1.201116532748445	1.201116532748445	NA
ukbfam_wb	4	39308187	rs2066789	A	G	0.01903	0.01873	0.6348	0.5918	0.6133	0.04300000000000004	0.2870386304327687	0.2870386304327687	0.6480800166213563
ukbfam_wb	4	57857188	rs3733309	G	A	6.715e-4	0.8571	0.1629	0.1173	0.1401	0.04559999999999999	1.2539847262960349	1.2539847262960349	0.6878938378090823
ukbfam_wb	4	73515313	rs7697556	C	T	-0.02407	0.001388	0.5843	0.6071	0.5957	-0.02279999999999993	-0.7857934214273726	0.7857934214273726	0.3595159195911133
ukbfam_wb	4	73541684	rs11729800	G	A	0.03305	0.03088	NA	NA	NA	NA	-0.23942094723058785	-0.23942094723058785	NA
ukbfam_wb	4	82067283	rs71596054	C	T	-0.00504	0.7059	NA	NA	NA	NA	0.03573957632474308	-0.03573957632474308	NA
ukbfam_wb	4	82313686	rs6851443	C	T	0.0241	0.001421	NA	NA	NA	NA	-0.4814745431642678	-0.4814745431642678	NA
ukbfam_wb	4	88645344	rs4395467	T	C	0.003215	0.5312	NA	NA	NA	NA	2.363023139429494	2.363023139429494	NA
ukbfam_wb	4	106184597	rs2726459	C	A	0.002671	0.8	0.5618000000000001	0.4949	0.5283500000000001	0.06690000000000007	0.38094965017432403	0.38094965017432403	1.0140609113854606
ukbfam_wb	4	109458724	rs4449484	T	G	0.01079	0.1054	0.5448999999999999	0.4643	0.5045999999999999	0.08059999999999995	-0.6299655670132198	-0.6299655670132198	1.2238491230284807
ukbfam_wb	4	122683623	rs4240263	T	C	6.725e-5	1	NA	NA	NA	NA	1.7942153751892265	1.7942153751892265	NA
ukbfam_wb	4	145205246	rs4629389	C	T	-0.005456	0.4651	NA	NA	NA	NA	1.566256495405613	-1.566256495405613	NA
ukbfam_wb	4	146022891	rs9998052	C	T	0.01561	0.8571	0.05056	0.07653	0.063545	-0.02597	0.11671214164329186	0.11671214164329186	-0.40805815542384277
ukbfam_wb	4	146055117	rs11545157	C	T	-0.03567	0.002304	NA	NA	NA	NA	-0.29739640665680483	0.29739640665680483	NA
ukbfam_wb	4	146174631	rs6839437	C	T	0.01073	0.42	NA	NA	NA	NA	-0.6915490709491651	-0.6915490709491651	NA
ukbfam_wb	4	152606573	rs10028410	C	T	-0.005394	0.3929	NA	NA	NA	NA	1.5272277402153975	-1.5272277402153975	NA
ukbfam_wb	5	32690199	rs7715779	G	T	0.006485	0.3594	NA	NA	NA	NA	0.9692449767775707	0.9692449767775707	NA
ukbfam_wb	5	32746547	rs3828586	G	A	0.007204	0.475	0.3034	0.3776	0.3405	-0.07419999999999999	-0.8991186341089153	-0.8991186341089153	-1.1466045384561745
ukbfam_wb	5	32789852	rs1173756	C	T	-0.003161	0.8	0.5281	0.5153	0.5217	0.012800000000000034	-0.15844069588780035	0.15844069588780035	-0.18562717051776054
ukbfam_wb	5	32935984	rs10472831	A	G	-0.003807	0.8	0.3315	0.3367	0.3341	-0.005199999999999982	-0.6740928175949991	0.6740928175949991	0.09000697616650204
ukbfam_wb	5	33014441	rs4049387	G	T	0.0186	0.01969	NA	NA	NA	NA	0.42234472818652574	0.42234472818652574	NA
ukbfam_wb	5	37669030	rs56832651	C	T	0.008177	0.3117	NA	NA	NA	NA	0.35351189587779547	0.35351189587779547	NA
ukbfam_wb	5	39436244	rs28698773	C	A	-0.01154	0.4255	NA	NA	NA	NA	-0.07770069707621827	0.07770069707621827	NA
ukbfam_wb	5	42513906	rs7705834	A	G	0.008479	0.2574	NA	NA	NA	NA	-0.09347757987697153	-0.09347757987697153	NA
ukbfam_wb	5	42654804	rs72754961	C	G	-0.007272	0.6364	NA	NA	NA	NA	-0.6225555738571708	0.6225555738571708	NA
ukbfam_wb	5	42724294	rs62372052	G	A	0.0205	0.08443	NA	NA	NA	NA	1.037965302027432	1.037965302027432	NA
ukbfam_wb	5	42851183	rs4866968	C	G	0.02096	0.00561	0.6235999999999999	0.4898	0.5567	0.13379999999999992	-0.024191546197180416	-0.024191546197180416	2.0385011565619666
ukbfam_wb	5	54742941	rs3804264	A	G	-0.0153	0.04435	0.6573	0.5918	0.6245499999999999	0.0655	-1.207996663898708	1.207996663898708	-0.9926226999766836
ukbfam_wb	5	55016978	rs6870832	A	G	-0.0179	0.03614	NA	NA	NA	NA	-0.25526863228007046	0.25526863228007046	NA
ukbfam_wb	5	56257515	rs2662024	C	T	-0.01413	0.08719	0.3933	0.3878	0.39054999999999995	0.005500000000000005	-0.9146921559129065	0.9146921559129065	-0.0738422110291426
ukbfam_wb	5	88376061	rs1366594	C	A	-0.02829	1.48e-4	0.4719	0.4898	0.48085	-0.017900000000000027	0.31072801709096665	-0.31072801709096665	0.2844821796603989
ukbfam_wb	5	108073934	rs6871239	A	C	0.01647	0.03587	0.5954999999999999	0.5459	0.5707	0.049599999999999866	0.531675835278113	0.531675835278113	0.7491458704055831
ukbfam_wb	5	121417463	rs840464	T	G	-0.001156	1	0.573	0.5611999999999999	0.5670999999999999	0.011800000000000033	-1.162476737596474	1.162476737596474	-0.17031416236863484
ukbfam_wb	5	122657199	rs1582931	A	G	-0.008494	0.2976	0.5337000000000001	0.5357000000000001	0.5347000000000001	-0.0020000000000000018	-1.2585929986716438	1.2585929986716438	0.04100535008930015
ukbfam_wb	5	131436838	rs31467	T	C	0.009449	0.1779	0.5169	0.4643	0.49060000000000004	0.052600000000000036	2.5340472615767755	2.5340472615767755	0.7950848948529629
ukbfam_wb	5	131743777	rs11242110	T	G	0.02917	1.053e-4	0.5056	0.4949	0.5002500000000001	0.010700000000000043	2.207787812407473	2.207787812407473	0.15346985340459673
ukbfam_wb	5	133891282	rs2084007	T	C	-0.0245	0.001183	0.4944	0.4847	0.48955000000000004	0.009699999999999986	-0.007120848733335712	0.007120848733335712	-0.13815684525547017
ukbfam_wb	5	139034143	rs73790670	A	G	0.0515	0.00271	NA	NA	NA	NA	0.33537360710024966	0.33537360710024966	NA
ukbfam_wb	5	142656813	rs258747	G	A	0.006301	0.4545	0.573	0.6071	0.59005	-0.03410000000000002	1.5203083485421467	1.5203083485421467	-0.532552911676235
ukbfam_wb	5	170871074	rs3884606	A	G	-0.01375	0.04874	NA	NA	NA	NA	-0.7038252496412885	0.7038252496412885	NA
ukbfam_wb	5	171174254	rs3822730	C	G	-0.01324	0.08226	0.5618000000000001	0.5509999999999999	0.5564	0.010800000000000143	0.3102412354607987	-0.3102412354607987	-0.15500115421951083
ukbfam_wb	5	171192037	rs33855	A	G	0.01428	0.05375	0.4213	0.4082	0.41475	0.0131	2.2068388049592764	2.2068388049592764	0.19022107296249774
ukbfam_wb	5	171442208	rs55795753	T	G	0.01351	0.05255	NA	NA	NA	NA	0.7389581944316401	0.7389581944316401	NA
ukbfam_wb	5	172763797	rs116022622	G	T	0.004125	0.5312	NA	NA	NA	NA	0.4774126703175767	0.4774126703175767	NA
ukbfam_wb	5	173046388	rs72824205	T	G	-0.008089	0.8571	NA	NA	NA	NA	-1.3613918169855994	1.3613918169855994	NA
ukbfam_wb	5	176285598	rs11135004	T	C	-4.762e-4	1	0.8427	0.7755	0.8090999999999999	0.06720000000000004	0.4641509381099078	-0.4641509381099078	-1.0186548138301978
ukbfam_wb	5	176456580	rs55700967	C	T	-0.01089	0.5	NA	NA	NA	NA	0.633716915641563	-0.633716915641563	NA
ukbfam_wb	5	178434993	rs6601003	G	A	0.008259	0.2653	NA	NA	NA	NA	0.12939978605928792	0.12939978605928792	NA
ukbfam_wb	6	2189312	rs761390	T	C	-0.0147	0.0401	0.3933	0.3622	0.37775000000000003	0.03109999999999996	0.10797106715246094	-0.10797106715246094	-0.46585521964675947
ukbfam_wb	6	7720059	rs12198986	A	G	0.03693	3e-6	0.4888	0.4745	0.48165	0.014300000000000035	1.7143890769735257	1.7143890769735257	0.20859668274144907
ukbfam_wb	6	7730836	rs270416	G	A	0.001487	1	NA	NA	NA	NA	1.5270081096022088	1.5270081096022088	NA
ukbfam_wb	6	7736743	rs2068361	T	C	-0.03242	1.775e-4	0.2303	0.3214	0.27585000000000004	-0.09110000000000001	-0.9593564583398092	0.9593564583398092	1.405394376176399
ukbfam_wb	6	7798831	rs9406060	T	C	0.003222	0.8571	0.5281	0.4592	0.49365000000000003	0.06890000000000002	0.7886362948950262	0.7886362948950262	1.0446869276837112
ukbfam_wb	6	7886905	rs11962800	G	A	-0.01433	0.209	0.09551	0.1173	0.106405	-0.021790000000000004	-0.9213636960111079	0.9213636960111079	0.34404978136049746
ukbfam_wb	6	19828213	rs6926229	C	T	0.0115	0.1345	0.5448999999999999	0.5663	0.5556	-0.021400000000000086	-0.1186120039256966	-0.1186120039256966	-0.3380777081823397
ukbfam_wb	6	19836015	rs6919858	A	G	0.009089	0.2328	NA	NA	NA	NA	-0.39230730629256566	-0.39230730629256566	NA
ukbfam_wb	6	26476155	rs1407045	G	A	0.01702	0.02209	0.427	0.5255000000000001	0.47625000000000006	-0.09850000000000009	0.027164970629803442	0.027164970629803442	-1.51871063647993
ukbfam_wb	6	33659472	rs2229642	G	C	0.02592	8.818e-4	0.3876	0.4592	0.4234	-0.0716	0.3789133980925437	0.3789133980925437	-1.1067907172684477
ukbfam_wb	6	34370604	rs114014640	G	T	0.02528	0.05903	NA	NA	NA	NA	3.1452504386246107	3.1452504386246107	NA
ukbfam_wb	6	35422754	rs2395626	T	G	0.007715	0.4865	0.5954999999999999	0.5306	0.5630499999999999	0.06489999999999996	-0.7945604352247593	-0.7945604352247593	0.9834348950872075
ukbfam_wb	6	35437113	rs78498719	G	C	-0.03576	0.01792	NA	NA	NA	NA	0.2641316998155303	-0.2641316998155303	NA
ukbfam_wb	6	35461800	rs11758653	A	G	-0.0343	0.03044	NA	NA	NA	NA	-0.3861634800899785	0.3861634800899785	NA
ukbfam_wb	6	35487659	rs78945013	T	C	0.03534	0.006201	NA	NA	NA	NA	0.24853006563612037	0.24853006563612037	NA
ukbfam_wb	6	35719327	rs2766554	T	C	0.008788	0.2213	0.5393	0.4949	0.5171	0.044399999999999995	-0.1494177524859167	-0.1494177524859167	0.6695182280301316
ukbfam_wb	6	36198577	rs3748045	C	G	-0.0198	0.009629	0.61240000000000006	0.6275999999999999	0.62	-0.01519999999999988	1.1638877200808524	-1.1638877200808524	0.2431370576577573
ukbfam_wb	6	39163201	rs3778448	G	A	-0.008485	0.4286	0.3371	0.3622	0.34965	-0.02510000000000001	0.977367012433945	-0.977367012433945	0.3947358383341036
ukbfam_wb	6	44880881	rs10948183	C	T	-0.01339	0.06452	0.5562	0.5561	0.55615	9.999999999998899e-5	-1.3358810500579965	1.3358810500579965	0.008848032976136348
ukbfam_wb	6	72139572	rs1727638	A	G	0.009838	0.225	0.4382	0.4031	0.42064999999999997	0.035099999999999965	0.48615401279233295	0.48615401279233295	0.5271072522432623
ukbfam_wb	6	80575820	rs1321845	T	C	0.002971	0.8571	NA	NA	NA	NA	-1.7604538807528667	-1.7604538807528667	NA
ukbfam_wb	6	81589005	rs560400	T	C	-0.017	0.0211	0.382	0.4796	0.4308	-0.09760000000000002	-1.232466109072984	1.232466109072984	1.504928929145716
ukbfam_wb	6	81838308	rs1159915	G	T	-0.01413	0.1062	NA	NA	NA	NA	-1.6946010166859113	1.6946010166859113	NA
ukbfam_wb	6	82463376	rs915125	T	C	-0.01539	0.08743	0.2865	0.3571	0.3218	-0.0706	0.1543231680522814	-0.1543231680522814	1.0914777091193222
ukbfam_wb	6	85423176	rs6939647	T	G	-0.009567	0.2766	0.5337000000000001	0.5102	0.52195	0.023500000000000076	1.3897397386178556	-1.3897397386178556	-0.349476357713406
ukbfam_wb	6	105319125	rs2499667	A	G	-0.002989	0.7692	0.4775	0.5408	0.50915	-0.06329999999999997	-1.7035576447963583	1.7035576447963583	0.9796927496307042
ukbfam_wb	6	105483327	rs221615	G	A	-0.009232	0.2907	NA	NA	NA	NA	-1.1749112125226269	1.1749112125226269	NA
ukbfam_wb	6	108864419	rs9384679	T	C	-0.01932	0.01117	0.3989	0.5	0.44945	-0.10110000000000002	-0.867684914613098	0.867684914613098	1.558524457667656
ukbfam_wb	6	117268237	rs984258	C	T	-4.971e-4	1	0.5	0.4031	0.45155	0.09689999999999999	0.5501285156752026	-0.5501285156752026	-1.4734511558592298
ukbfam_wb	6	117522685	rs1405210	T	C	-1.756e-4	1	0.427	0.4643	0.44565	-0.0373	0.3218437560980724	-0.3218437560980724	0.5815545377534368
ukbfam_wb	6	126090277	rs1159974	C	T	1.586e-4	1	0.5506	0.4694	0.51	0.0812	0.2961811175451569	0.2961811175451569	1.2330369279179567
ukbfam_wb	6	130316559	rs6902109	G	A	-0.01857	0.01174	0.6067	0.5918	0.5992500000000001	0.014900000000000024	-1.213298033369304	1.213298033369304	-0.21778448763092434
ukbfam_wb	6	131112116	rs12527906	C	A	-0.002029	1	0.4157	0.4184	0.41705000000000003	-0.00269999999999998	-1.266512853338549	1.266512853338549	0.05172445579368779
ukbfam_wb	6	133746648	rs150462	A	C	-0.002557	0.475	NA	NA	NA	NA	0.05675607713331383	-0.05675607713331383	NA
ukbfam_wb	6	142301831	rs12216113	G	A	-0.01289	0.09394	0.3034	0.5153	0.40935	-0.21189999999999998	-2.4959945043973413	2.4959945043973413	3.255205760590781
ukbfam_wb	6	142520393	rs225680	C	T	0.003503	0.7059	NA	NA	NA	NA	1.8315611352072325	1.8315611352072325	NA
ukbfam_wb	6	142703877	rs4896582	A	G	-0.03601	3.967e-5	0.309	0.3776	0.3433	-0.0686	-3.5785775321514794	3.5785775321514794	1.0608516928210707
ukbfam_wb	6	142830370	rs76057999	T	A	0.003754	0.8	NA	NA	NA	NA	0.8131596103961672	0.8131596103961672	NA
ukbfam_wb	6	142909049	rs263158	T	G	-0.0254	8.477e-4	0.4213	0.5153	0.4683	-0.09399999999999997	-0.524763353515782	0.524763353515782	1.4498020998088628
ukbfam_wb	6	143083179	rs62430680	G	A	-0.001181	1	NA	NA	NA	NA	-0.18843461371454098	0.18843461371454098	NA
ukbfam_wb	6	151891388	rs116928060	A	C	0.01727	0.2213	NA	NA	NA	NA	1.026589011430116	1.026589011430116	NA
ukbfam_wb	6	152199931	rs9340835	A	G	0.01047	0.225	0.3708	0.301	0.3359	0.06980000000000003	0.9842853728952528	0.9842853728952528	1.0584686350179244
ukbfam_wb	6	152355920	rs926779	A	G	0.01479	0.07656	0.2303	0.2806	0.25545	-0.05030000000000001	-0.8797747776762871	-0.8797747776762871	-0.7806236436920709
ukbfam_wb	6	156576135	rs2818063	C	T	0.02308	0.05528	0.1011	0.05612	0.07861	0.04497999999999999	1.304891200922204	1.304891200922204	0.6783997727566244
ukbfam_wb	6	166336825	rs9365939	G	A	-0.01852	0.01532	NA	NA	NA	NA	1.0375743863014215	-1.0375743863014215	NA
ukbfam_wb	6	166579270	rs2305089	T	C	-0.009856	0.2269	0.4944	0.4592	0.4768	0.03520000000000001	-0.3789778615214395	0.3789778615214395	-0.5286385530581754
ukbfam_wb	7	2753929	rs10950842	C	A	0.01779	0.01772	0.4213	0.5	0.46065	-0.07869999999999999	-0.7194543098560938	-0.7194543098560938	-1.21551307512724
ukbfam_wb	7	8044268	rs38014	C	T	0.01662	0.02142	0.4101	0.4592	0.43465	-0.04909999999999998	0.16692666484581845	0.16692666484581845	-0.7622480339131196
ukbfam_wb	7	18008582	rs34058374	A	G	-0.02227	0.002396	NA	NA	NA	NA	1.2567942378589343	-1.2567942378589343	NA
ukbfam_wb	7	19609643	rs11767221	G	A	-0.0133	0.06095	0.6910000000000001	0.6429	0.66695	0.04810000000000003	1.6575765868846433	-1.6575765868846433	-0.7261763581818972
ukbfam_wb	7	20392374	rs2214441	G	A	0.002682	0.8571	NA	NA	NA	NA	0.4625309830312675	0.4625309830312675	NA
ukbfam_wb	7	28260507	rs58462233	A	G	0.01051	0.4255	NA	NA	NA	NA	0.0068735611387712656	0.0068735611387712656	NA
ukbfam_wb	7	28755250	rs6946478	G	A	-0.01528	0.06095	NA	NA	NA	NA	-0.07122596912526534	0.07122596912526534	NA
ukbfam_wb	7	37977249	rs2598104	C	T	-0.01962	0.01181	NA	NA	NA	NA	-1.0506800960879759	1.0506800960879759	NA
ukbfam_wb	7	38136277	rs1524058	C	T	0.02211	0.003962	0.5618000000000001	0.4949	0.5283500000000001	0.06690000000000007	0.9033012757549185	0.9033012757549185	1.0140609113854606
ukbfam_wb	7	46275728	rs1486139	G	A	0.006196	0.8571	0.5393	0.5357000000000001	0.5375000000000001	0.0035999999999999366	-0.9033431183922317	-0.9033431183922317	0.04474749554580275
ukbfam_wb	7	46577056	rs723149	G	A	-0.01734	0.01827	0.6067	0.4898	0.54825	0.1169	0.043140173028977914	-0.043140173028977914	-1.779711318841744
ukbfam_wb	7	46604821	rs17172718	G	C	-0.003658	0.7692	0.1573	0.1378	0.14755000000000001	0.01949999999999999	0.7354942171340524	-0.7354942171340524	-0.288224325116902
ukbfam_wb	7	73097654	rs1128349	T	C	0.00528	0.3651	0.4663	0.4082	0.43725	0.058099999999999985	-0.29202083309874244	-0.29202083309874244	0.8793064396731533
ukbfam_wb	7	73302272	rs6960257	G	A	-0.02308	0.003558	NA	NA	NA	NA	1.8596498723286348	-1.8596498723286348	NA
ukbfam_wb	7	92247112	rs42042	T	C	0.03941	1e-6	0.4944	0.5	0.4972	-0.005599999999999994	-0.5512820016880636	-0.5512820016880636	-0.09613217942615249
ukbfam_wb	7	92429310	rs78366656	T	C	0.04012	0.003279	NA	NA	NA	NA	0.6580981718343407	0.6580981718343407	NA
ukbfam_wb	7	92471221	rs57337700	C	T	0.02197	0.03737	NA	NA	NA	NA	-0.9759898379934019	-0.9759898379934019	NA
ukbfam_wb	7	92576833	rs13240305	G	A	-0.03424	0.002429	0.1292	0.08163	0.10541500000000001	0.047570000000000015	1.6102393029406399	-1.6102393029406399	-0.7180604638628603
ukbfam_wb	7	99081730	rs6962772	G	A	0.009058	0.5312	0.1461	0.1582	0.15215	-0.0121	0.8306046975607628	0.8306046975607628	-0.19566673239546953
ukbfam_wb	7	121955981	rs10237306	T	G	0.007865	0.2907	NA	NA	NA	NA	-0.19520416022422826	-0.19520416022422826	NA
ukbfam_wb	7	135003130	rs7793333	C	T	0.006691	0.3793	NA	NA	NA	NA	0.4438553059543923	0.4438553059543923	NA
ukbfam_wb	7	135134802	rs6948145	C	A	-0.02671	0.03307	0.07303	0.1173	0.095165	-0.044270000000000004	0.24788541125736024	-0.24788541125736024	0.688286204552843
ukbfam_wb	7	137629146	rs273995	T	C	-0.002406	0.6667	0.4663	0.4745	0.4704	-0.008199999999999985	0.5716824118892464	-0.5716824118892464	0.13594600061387915
ukbfam_wb	7	139926088	rs4726718	C	T	-0.00882	0.1867	NA	NA	NA	NA	-1.8304854581347771	1.8304854581347771	NA
ukbfam_wb	7	148664720	rs62505455	G	A	0.0199	0.006042	NA	NA	NA	NA	-0.22444158877027282	-0.22444158877027282	NA
ukbfam_wb	7	148869495	rs6947302	C	T	-0.01119	0.2288	0.1517	0.1173	0.1345	0.0344	0.20026788239245147	-0.20026788239245147	-0.5163881465388748
ukbfam_wb	7	150521026	rs7787577	G	A	0.005806	0.7692	0.07865	0.08673	0.08269	-0.008080000000000004	2.081992111610325	2.081992111610325	-0.13410843963598434
ukbfam_wb	7	150667210	rs3807375	T	C	-0.009183	0.216	0.309	0.3673	0.33815	-0.05830000000000002	-0.5300561397904807	0.5300561397904807	0.9031277088850765
ukbfam_wb	7	150707488	rs743507	T	C	0.007984	0.3333	0.7303	0.6224000000000001	0.67635	0.10789999999999988	-0.40920835626596996	-0.40920835626596996	1.6418942454996108
ukbfam_wb	8	8781000	rs113698072	T	G	0.01672	0.3729	NA	NA	NA	NA	0.9170749009724908	0.9170749009724908	NA
ukbfam_wb	8	13016379	rs67035513	A	G	0.004555	0.6667	NA	NA	NA	NA	-1.3200397158704114	-1.3200397158704114	NA
ukbfam_wb	8	21770763	rs899428	C	T	0.007318	0.3158	0.5899	0.6173	0.6035999999999999	-0.02739999999999998	1.7340527468613347	1.7340527468613347	-0.4299557570770922
ukbfam_wb	8	22262321	rs896378	C	T	0.001508	0.8571	0.4775	0.4643	0.4709	0.01319999999999999	1.0928270652076997	1.0928270652076997	0.19175237377741014
ukbfam_wb	8	23345526	rs732563	C	T	0.02421	0.001287	0.5337000000000001	0.5918	0.5627500000000001	-0.05809999999999993	0.5188847208569723	0.5188847208569723	-0.90006510725525
ukbfam_wb	8	24104597	rs11135782	G	T	-0.02135	0.0035	0.5843	0.5357000000000001	0.56	0.04859999999999998	-0.21197804393466668	0.21197804393466668	-0.7338328622564592
ukbfam_wb	8	24194469	rs79467047	A	G	-0.01954	0.12	NA	NA	NA	NA	1.1478738643540303	-1.1478738643540303	NA
ukbfam_wb	8	25321076	rs11775903	G	A	0.01124	0.117	0.4157	0.4541	0.4349	-0.03839999999999999	1.0336737612083844	1.0336737612083844	-0.5983988467174749
ukbfam_wb	8	49647910	rs3750259	A	C	-0.01143	0.2014	0.5843	0.5509999999999999	0.56765	0.03330000000000011	-0.44389168655827604	0.44389168655827604	-0.49954383757483817
ukbfam_wb	8	56874017	rs2719267	T	C	-0.01335	0.08934	0.4326	0.4796	0.4561	-0.04700000000000004	-1.0306011480411392	1.0306011480411392	0.7300907167999566
ukbfam_wb	8	57399850	rs2609976	T	G	0.0211	0.004576	0.4045	0.4949	0.4497	-0.09039999999999998	0.35288254367788685	0.35288254367788685	-1.3946752704720105
ukbfam_wb	8	57645857	rs1972688	A	G	0.0137	0.1408	0.8764	0.8214	0.8489	0.05499999999999994	0.6683161175512737	0.6683161175512737	0.8318361144108629
ukbfam_wb	8	77761919	rs61729527	T	C	-0.01424	0.4255	NA	NA	NA	NA	0.7425652339200958	-0.7425652339200958	NA
ukbfam_wb	8	78043790	rs17449553	C	T	0.01639	0.03789	0.5674	0.5	0.5337000000000001	0.06740000000000002	0.8132405276042994	0.8132405276042994	1.0217174154600226
ukbfam_wb	8	100696695	rs1788161	T	A	0.01435	0.2014	NA	NA	NA	NA	-0.7294802153091966	-0.7294802153091966	NA
ukbfam_wb	8	117556270	rs4876662	G	A	-0.004851	0.5769	0.8034	0.7857000000000001	0.7945500000000001	0.017699999999999938	-2.1966274468431677	2.1966274468431677	-0.26066091044847495
ukbfam_wb	8	120596023	rs10283100	G	A	0.02635	0.1013	0.97753	0.94898	0.963255	0.028549999999999964	-0.2395496618364223	-0.2395496618364223	0.426807048866489
ukbfam_wb	8	120887041	rs1467044	A	G	-0.006996	0.2688	0.5393	0.6173	0.5783	-0.07799999999999996	-0.19076631811673028	0.19076631811673028	1.2047939694228516
ukbfam_wb	8	123985708	rs3802266	G	A	0.008053	0.3667	0.4382	0.5408	0.48949999999999994	-0.10259999999999997	2.2430853746334134	2.2430853746334134	-1.5814939698913435
ukbfam_wb	8	126477978	rs2001945	C	G	0.007663	0.3158	0.573	0.5255000000000001	0.54925	0.047499999999999876	-0.7038252496412885	-0.7038252496412885	0.7169885532924194
ukbfam_wb	8	126504726	rs6987702	C	T	-0.004764	0.7333	0.3146	0.1837	0.24914999999999998	0.1309	2.272066737571986	-2.272066737571986	-1.9940934329295033
ukbfam_wb	8	130760850	rs4144738	G	A	-0.01602	0.02568	0.4382	0.5459	0.49205	-0.10770000000000007	-1.4739941493969335	1.4739941493969335	1.6595903114518862
ukbfam_wb	8	130763236	rs73406807	A	G	-0.02242	0.1181	NA	NA	NA	NA	-0.12891963482060811	0.12891963482060811	NA
ukbfam_wb	8	131026260	rs6986601	G	A	-5.459e-4	1	NA	NA	NA	NA	-0.9355482470946491	0.9355482470946491	NA
ukbfam_wb	8	135545718	rs10106924	T	G	-0.003331	0.65	0.7697	0.7347	0.7522	0.03500000000000003	1.4342724842074315	-1.4342724842074315	-0.5255759514283507
ukbfam_wb	8	135654702	rs17699359	C	T	-0.01702	0.02352	0.3876	0.4184	0.403	-0.030799999999999994	-1.336103043018726	1.336103043018726	0.4820199847841198
ukbfam_wb	8	135708614	rs10505629	C	T	0.00158	1	0.1011	0.1378	0.11945	-0.03670000000000001	0.0927386729262746	0.0927386729262746	-0.5723667328639616
ukbfam_wb	8	135742240	rs13282319	C	T	0.001157	0.8571	0.8596	0.8265	0.8430500000000001	0.03310000000000002	0.833345887324267	0.833345887324267	0.4964812359450117
ukbfam_wb	8	135794496	rs7828209	T	C	-0.006519	0.3962	0.5281	0.648	0.58805	-0.1199	-1.8652238956531304	1.8652238956531304	1.8464090108712186
ukbfam_wb	8	142359368	rs7386745	C	T	-0.003947	0.5714	0.5225	0.5102	0.51635	0.012299999999999978	0.5728702329146287	-0.5728702329146287	-0.17797066644319684
ukbfam_wb	9	14446001	rs1556032	T	C	0.007142	0.32	0.4157	0.4541	0.4349	-0.03839999999999999	0.8791096164700659	0.8791096164700659	-0.5983988467174749
ukbfam_wb	9	16787670	rs3927536	T	C	0.00766	0.8571	0.8034	0.7398	0.7716000000000001	0.06359999999999999	2.362431100422023	2.362431100422023	0.9635279844933446
ukbfam_wb	9	78810344	rs966097	C	T	-0.01318	0.1124	0.3539	0.2857	0.3198	0.06819999999999998	-0.5827553617066168	0.5827553617066168	-1.0339678219793227
ukbfam_wb	9	86411840	rs918223	G	A	-0.00982	0.2269	0.6011	0.5611999999999999	0.58114999999999994	0.03990000000000005	1.0527875596832068	-1.0527875596832068	-0.6006096913590667
ukbfam_wb	9	86571611	rs1572030	G	A	0.01131	0.1255	0.5674	0.6377999999999999	0.6026	-0.07039999999999991	-0.6203435028636575	-0.6203435028636575	-1.0884151074894957
ukbfam_wb	9	88987031	rs1929800	C	T	0.004034	0.6667	NA	NA	NA	NA	1.4884784544560523	1.4884784544560523	NA
ukbfam_wb	9	89098390	rs353787	A	C	0.01007	0.1638	0.4719	0.5306	0.50125	-0.058699999999999974	0.4094140736879243	0.4094140736879243	-0.9092529121447261
ukbfam_wb	9	89772413	rs277755	A	C	0.007346	0.2907	0.5056	0.5714	0.5385	-0.06579999999999997	-0.5104945224690284	-0.5104945224690284	-1.0179752700035185
ukbfam_wb	9	90853162	rs80280541	C	T	0.00613	0.65	NA	NA	NA	NA	1.406399307432911	1.406399307432911	NA
ukbfam_wb	9	90890583	rs7859829	A	G	0.01531	0.2574	0.91011	0.97449	0.9422999999999999	-0.06437999999999999	0.26276101249457634	0.26276101249457634	-0.9962307984317603
ukbfam_wb	9	97768286	rs10761364	C	T	0.01534	0.1728	0.8427	0.93367	0.888185	-0.09097	-0.12305870404891853	-0.12305870404891853	-1.4034036851170122
ukbfam_wb	9	98142505	rs372958	T	C	0.01527	0.06049	NA	NA	NA	NA	-0.5134346880509411	-0.5134346880509411	NA
ukbfam_wb	9	98209594	rs357564	A	G	-0.03343	1.8e-5	0.309	0.3316	0.32030000000000003	-0.02260000000000001	-0.12445493791615302	0.12445493791615302	0.3564533179612894
ukbfam_wb	9	98306920	rs16909974	G	A	0.03159	9.434e-5	NA	NA	NA	NA	0.8422136010148925	0.8422136010148925	NA
ukbfam_wb	9	98365343	rs10985640	G	A	0.01328	0.1099	0.3989	0.5204	0.45965	-0.1215	-1.2966087035673384	-1.2966087035673384	-1.8709098239098194
ukbfam_wb	9	98403582	rs72754383	A	G	0.01688	0.3	NA	NA	NA	NA	-0.32851957621138217	-0.32851957621138217	NA
ukbfam_wb	9	98432200	rs10820751	A	G	0.007958	0.4865	0.1573	0.1633	0.1603	-0.006000000000000005	0.4530126477946921	0.4530126477946921	-0.10225738268580294
ukbfam_wb	9	98698810	rs636311	T	C	0.03189	0.02432	0.90449	0.92857	0.9165300000000001	-0.02407999999999999	-2.039047512007088	-2.039047512007088	-0.37911657002199506
ukbfam_wb	9	99078886	rs10990407	T	C	-0.01111	0.8	0.08989	0.09694	0.093415	-0.007050000000000001	-0.2082167903419977	0.2082167903419977	0.11833604124238484
ukbfam_wb	9	108936674	rs7861820	C	T	-0.02245	0.002628	0.4382	0.5408	0.48949999999999994	-0.10259999999999997	-1.962929766073017	1.962929766073017	1.5814939698913435
ukbfam_wb	9	109177722	rs884975	A	G	0.01654	0.02613	0.4888	0.4898	0.4893	-0.0010000000000000009	0.040128498276499724	0.040128498276499724	-0.025692341940174446
ukbfam_wb	9	109519849	rs725773	T	C	0.01779	0.05585	0.264	0.2959	0.27995000000000003	-0.031899999999999984	-1.6306886348075977	-1.6306886348075977	-0.4988642937481579
ukbfam_wb	9	109538577	rs7858184	G	T	0.02253	0.0356	0.1124	0.07653	0.094465	0.03587	1.3287310467605387	1.3287310467605387	0.5388982685180895
ukbfam_wb	9	109546235	rs10759200	C	T	0.01208	0.2195	0.8764	0.8571	0.8667499999999999	0.019299999999999984	0.7746595807595734	0.7746595807595734	0.28516172348707675
ukbfam_wb	9	113782934	rs2110548	G	C	-0.005574	0.5484	0.5169	0.5459	0.5314000000000001	-0.029000000000000026	-1.4327898512938186	1.4327898512938186	0.454456570115694
ukbfam_wb	9	118551464	rs7047400	G	A	0.01686	0.2453	0.91011	0.8265	0.868305	0.08360999999999996	1.1720860802016164	1.1720860802016164	1.269941277557349
ukbfam_wb	9	118656886	rs9409175	C	T	0.005925	0.8	0.5056	0.4082	0.45690000000000003	0.09740000000000004	0.7429704398744814	0.7429704398744814	1.4811076599337936
ukbfam_wb	9	118944438	rs79246332	A	C	0.01181	0.3548	NA	NA	NA	NA	0.6502627395065044	0.6502627395065044	NA
ukbfam_wb	9	119078356	rs1885983	G	A	0.01928	0.01814	0.6348	0.7602	0.6975	-0.12539999999999996	-0.11378324560141685	-0.11378324560141685	-1.930630555691409
ukbfam_wb	9	124204563	rs10760176	T	C	-5.763e-4	1	0.573	0.5153	0.5441499999999999	0.057699999999999974	-0.03049322643930466	0.03049322643930466	-0.8731812364135029
ukbfam_wb	9	128592201	rs7873499	G	A	-0.007042	0.3793	NA	NA	NA	NA	-0.20322710443858535	0.20322710443858535	NA
ukbfam_wb	9	133424020	rs944604	T	C	-0.01412	0.09598	0.5393	0.5663	0.5528	-0.027000000000000024	-1.112329971722908	1.112329971722908	0.4238305538174426
ukbfam_wb	9	133501642	rs2304811	A	G	0.03134	0.001879	0.1461	0.08163	0.113865	0.06447000000000001	1.0658487011725297	1.0658487011725297	0.9768503015830844
ukbfam_wb	9	133537672	rs1890599	A	G	-0.01261	0.1205	0.4157	0.5509999999999999	0.48334999999999995	-0.13529999999999992	-1.3761668842555086	1.3761668842555086	2.0822293363677526
ukbfam_wb	10	12918764	rs7909670	T	C	-0.01855	0.01427	0.4663	0.449	0.45765	0.017299999999999982	-0.7234309559488196	0.7234309559488196	-0.25453570718882534
ukbfam_wb	10	28228865	rs7893462	G	A	0.009489	0.2077	0.5337000000000001	0.5408	0.53725	-0.007099999999999884	-1.0386832780275226	-1.0386832780275226	-0.11910169164983933
ukbfam_wb	10	28932128	rs4749330	A	G	-0.02174	0.008472	NA	NA	NA	NA	-0.11153534857932437	0.11153534857932437	NA
ukbfam_wb	10	29496790	rs541137	C	T	-0.02024	0.01351	0.3876	0.2857	0.33665	0.10189999999999999	0.8432412278897751	-0.8432412278897751	-1.5500161966048585
ukbfam_wb	10	53262141	rs2038916	G	A	-0.003834	0.65	0.4045	0.398	0.40125	0.006500000000000006	-1.1080269049560008	1.1080269049560008	-0.0891552191782683
ukbfam_wb	10	65337153	rs10822184	C	T	0.01177	0.1293	NA	NA	NA	NA	0.6482458841897584	0.6482458841897584	NA
ukbfam_wb	10	70044031	rs4142048	C	T	-0.007409	0.5714	0.1685	0.15310000000000001	0.1608	0.015399999999999997	0.5047681606309034	-0.5047681606309034	-0.22544099170548676
ukbfam_wb	10	81139141	rs1463597	G	A	-0.02108	0.007013	NA	NA	NA	NA	-0.2966260498590995	0.2966260498590995	NA
ukbfam_wb	10	89849352	rs78169109	A	G	-0.004695	0.8571	NA	NA	NA	NA	1.1733319568969023	-1.1733319568969023	NA
ukbfam_wb	10	97886086	rs11599170	G	A	-0.01442	0.04286	0.4719	0.4694	0.47065	0.0025000000000000022	0.7675708947336897	-0.7675708947336897	-0.0279031865817655
ukbfam_wb	10	102684380	rs10883563	A	C	0.0128	0.07805	0.5506	0.5867	0.56865	-0.03610000000000002	-1.065218441920239	-1.065218441920239	-0.5631789279744863
ukbfam_wb	10	104508202	rs12763284	G	A	0.00805	0.2407	0.4326	0.4847	0.45865	-0.052100000000000035	-0.4433296747174057	-0.4433296747174057	-0.8081870583604975
ukbfam_wb	10	120512489	rs34851615	A	G	-0.008992	0.2688	NA	NA	NA	NA	-0.3559150027212122	0.3559150027212122	NA
ukbfam_wb	10	124165615	rs6585827	A	G	0.003772	0.8	0.4719	0.4082	0.44005	0.06369999999999998	0.22510358858271207	0.22510358858271207	0.965059285308257
ukbfam_wb	10	126259948	rs11245297	A	G	-0.01478	0.06262	0.5225	0.4337	0.47809999999999997	0.08879999999999999	0.4894215174945329	-0.4894215174945329	-1.349415789851312
ukbfam_wb	11	2773371	rs1971929	C	G	0.03772	5.895e-4	0.118	0.09184	0.10492	0.02615999999999999	-0.1400938040714497	-0.1400938040714497	0.39020895939007905
ukbfam_wb	11	12698040	rs7926971	G	A	0.01695	0.01804	0.5225	0.3673	0.44489999999999996	0.15519999999999995	-0.24710081223291996	-0.24710081223291996	2.366199530953257
ukbfam_wb	11	14469598	rs61884049	T	C	0.02776	0.1136	NA	NA	NA	NA	1.367385469481388	1.367385469481388	NA
ukbfam_wb	11	17176057	rs7946010	A	G	-0.01755	0.0188	0.5843	0.4796	0.53195	0.10470000000000002	0.9227952761489108	-0.9227952761489108	-1.5928926194224107
ukbfam_wb	11	18628730	rs10832948	A	G	-0.01566	0.04674	0.4157	0.3929	0.4043	0.022799999999999987	0.27918238823883484	-0.27918238823883484	-0.3387572520090167
ukbfam_wb	11	30454395	rs487742	A	G	0.01456	0.05055	NA	NA	NA	NA	0.6199667098953231	0.6199667098953231	NA
ukbfam_wb	11	66078129	rs1625595	T	C	0.01196	0.1065	0.5393	0.4796	0.50945	0.059699999999999975	-1.491528776228203	-1.491528776228203	0.9038072527117542
ukbfam_wb	11	66899619	rs56088284	G	A	-0.09209	1e-6	NA	NA	NA	NA	1.5789348882834544	-1.5789348882834544	NA
ukbfam_wb	11	68030015	rs901827	T	C	-0.004754	0.6364	0.4775	0.3367	0.4071	0.14079999999999998	-0.5683330929046637	0.5683330929046637	-2.1456922136058476
ukbfam_wb	11	68843119	rs12363547	A	G	-0.006389	0.3793	NA	NA	NA	NA	-0.13260933489815518	0.13260933489815518	NA
ukbfam_wb	11	69924352	rs11233117	G	C	-0.004346	0.4524	NA	NA	NA	NA	-0.17745872917541433	0.17745872917541433	NA
ukbfam_wb	11	74267187	rs4044287	C	T	0.01138	0.1176	NA	NA	NA	NA	-0.09908716591610713	-0.09908716591610713	NA
ukbfam_wb	11	74443090	rs10899042	G	A	3.645e-5	1	0.4944	0.4235	0.45894999999999997	0.07090000000000002	1.482685134022084	1.482685134022084	1.0753129439819626
ukbfam_wb	11	75281209	rs614604	G	A	-0.02349	0.001794	0.5674	0.5816	0.5745	-0.01419999999999999	0.49193639091587416	-0.49193639091587416	0.22782404950863333
ukbfam_wb	11	95358797	rs7938474	G	A	0.004432	0.5517	0.3258	0.3571	0.34145	-0.031299999999999994	-0.040043128204554974	-0.040043128204554974	-0.48967648885868265
ukbfam_wb	11	122870683	rs6589964	C	A	0.01189	0.1457	0.5506	0.5611999999999999	0.5559	-0.010599999999999943	-0.30731291119703763	-0.30731291119703763	-0.17269722017178013
ukbfam_wb	11	128499905	rs7945677	C	T	0.01404	0.04874	0.5448999999999999	0.4898	0.51735	0.05509999999999993	0.3176365895865379	0.3176365895865379	0.8333674152257754
ukbfam_wb	12	3351169	rs74576293	C	T	0.01716	0.1772	NA	NA	NA	NA	-0.017738484102626764	-0.017738484102626764	NA
ukbfam_wb	12	3368093	rs10491967	A	G	0.02518	0.05153	0.1011	0.148	0.12455	-0.0469	-1.0267571708101215	-1.0267571708101215	-0.7285594159850434
ukbfam_wb	12	4039851	rs2532530	A	C	-0.005978	0.65	NA	NA	NA	NA	-0.2993010783761207	0.2993010783761207	NA
ukbfam_wb	12	8832203	rs7132012	G	A	0.01032	0.2093	0.2753	0.3367	0.306	-0.06140000000000001	0.144236645603482	0.144236645603482	-0.950598034147366
ukbfam_wb	12	11906034	rs7303518	G	C	-0.0171	0.02101	NA	NA	NA	NA	-0.755007790374834	0.755007790374834	NA
ukbfam_wb	12	12871099	rs2066827	G	T	-0.01899	0.03438	0.2191	0.2551	0.23709999999999998	-0.036000000000000004	0.34828247472399376	-0.34828247472399376	0.5616476271595735
ukbfam_wb	12	12885173	rs76365233	G	C	-0.03078	0.01621	NA	NA	NA	NA	0.37272047329840163	-0.37272047329840163	NA
ukbfam_wb	12	14656768	rs1600	C	G	-0.006163	0.3	0.4831	0.5	0.49155	-0.016900000000000026	0.8613316380780556	-0.8613316380780556	0.26916917151127323
ukbfam_wb	12	14812266	rs7313164	C	T	0.01122	0.151	NA	NA	NA	NA	0.3597258119424988	0.3597258119424988	NA
ukbfam_wb	12	14955702	rs7959540	A	T	-0.005338	0.6087	0.5787	0.5867	0.5827	-0.008000000000000007	-0.2771454864316683	0.2771454864316683	0.13288339898405435
ukbfam_wb	12	20536371	rs4326884	A	G	0.001778	0.8571	0.573	0.4541	0.51355	0.11889999999999995	0.6855226635948323	0.6855226635948323	1.8103373351399945
ukbfam_wb	12	20831714	rs11045385	C	T	-0.02056	0.007315	NA	NA	NA	NA	-1.2718102079585334	1.2718102079585334	NA
ukbfam_wb	12	24019613	rs16926804	T	A	-0.01906	0.01476	0.4831	0.5102	0.49665	-0.027100000000000013	0.4197902728434	-0.4197902728434	0.425361854632355
ukbfam_wb	12	28221974	rs6487659	G	A	-0.006175	0.3889	NA	NA	NA	NA	1.2099954072799834	-1.2099954072799834	NA
ukbfam_wb	12	28716777	rs7968563	C	T	0.01226	0.09199	NA	NA	NA	NA	-0.5893935374525693	-0.5893935374525693	NA
ukbfam_wb	12	29244346	rs7309866	T	C	-0.00444	0.5769	NA	NA	NA	NA	-1.1554334945620897	1.1554334945620897	NA
ukbfam_wb	12	47145151	rs7303323	C	T	0.01888	0.03556	NA	NA	NA	NA	1.0884300312346376	1.0884300312346376	NA
ukbfam_wb	12	56743367	rs2020854	C	T	0.006732	0.6364	0.04494	0.09184	0.06839	-0.046900000000000004	0.24340856087623525	0.24340856087623525	-0.7285594159850435
ukbfam_wb	12	58301211	rs4553410	A	G	-0.009936	0.2077	NA	NA	NA	NA	0.4205667259074992	-0.4205667259074992	NA
ukbfam_wb	12	65133644	rs1690278	G	C	-0.006026	0.475	0.4831	0.5204	0.5017499999999999	-0.0373	-0.002050226213673577	0.002050226213673577	0.5815545377534368
ukbfam_wb	12	65487695	rs7309476	C	A	6.245e-4	1	0.5337000000000001	0.6429	0.5883	-0.10919999999999996	-1.1267784122343543	-1.1267784122343543	-1.682559823675573
ukbfam_wb	12	65856899	rs61921506	T	C	0.01442	0.06226	NA	NA	NA	NA	0.2358884282499148	0.2358884282499148	NA
ukbfam_wb	12	66169943	rs11175915	G	C	0.03103	0.0296	0.06742	0.07653	0.071975	-0.009110000000000007	0.9014485414873301	0.9014485414873301	-0.14988083802958385
ukbfam_wb	12	66265118	rs77927863	T	C	-0.01276	0.4634	NA	NA	NA	NA	-1.4985866492169742	1.4985866492169742	NA
ukbfam_wb	12	66358347	rs1042725	T	C	-0.0411	1e-6	0.5448999999999999	0.5663	0.5556	-0.021400000000000086	-1.8315611352072325	1.8315611352072325	0.3380777081823397
ukbfam_wb	12	66358571	rs1042729	A	C	-0.03616	0.01759	NA	NA	NA	NA	-1.0723342877050703	1.0723342877050703	NA
ukbfam_wb	12	66394664	rs4026608	T	C	0.01172	0.1686	0.6629	0.6173	0.6401	0.045600000000000085	0.9402069801897386	0.9402069801897386	0.6878938378090838
ukbfam_wb	12	66496869	rs2870782	G	T	0.0246	0.00118	0.3933	0.3776	0.38544999999999996	0.015699999999999992	0.44023125154815895	0.44023125154815895	0.23003489415022438
ukbfam_wb	12	69931759	rs2924135	A	G	0.01175	0.1149	0.573	0.5	0.5365	0.07299999999999995	0.8275899440706663	0.8275899440706663	1.1074702610951255
ukbfam_wb	12	77511309	rs4761350	T	G	-0.01481	0.09091	0.5169	0.5408	0.52885	-0.02389999999999992	0.007354412769004805	-0.007354412769004805	0.3763602285551514
ukbfam_wb	12	77642583	rs7137132	C	A	0.003119	0.8571	NA	NA	NA	NA	-0.7219476845502428	-0.7219476845502428	NA
ukbfam_wb	12	92505848	rs7953529	C	T	-0.001515	0.8571	NA	NA	NA	NA	0.631049046200829	-0.631049046200829	NA
ukbfam_wb	12	93899076	rs7975732	G	A	0.01531	0.05787	0.3989	0.3214	0.36014999999999997	0.07749999999999996	1.229428249515734	1.229428249515734	1.1763787977661913
ukbfam_wb	12	93983554	rs7953508	T	C	0.0285	0.001892	0.2697	0.25	0.25985	0.019699999999999995	-0.5113792808891399	-0.5113792808891399	0.2912869267467272
ukbfam_wb	12	94156587	rs4144501	A	G	-0.01227	0.09688	NA	NA	NA	NA	0.8591188419859757	-0.8591188419859757	NA
ukbfam_wb	12	94207532	rs3847787	A	G	-0.01135	0.1215	NA	NA	NA	NA	1.1461197841372663	-1.1461197841372663	NA
ukbfam_wb	12	97792745	rs10777858	T	G	-0.01085	0.1879	NA	NA	NA	NA	-0.41677245134434804	0.41677245134434804	NA
ukbfam_wb	12	102367168	rs7131821	G	A	-0.0294	9.275e-5	NA	NA	NA	NA	0.13571668238279255	-0.13571668238279255	NA
ukbfam_wb	12	103073093	rs7309412	A	C	0.0111	0.1726	0.4494	0.3929	0.42115	0.056499999999999995	2.201297602714583	2.201297602714583	0.8548056266345524
ukbfam_wb	12	107341385	rs7974499	C	T	-0.01838	0.01149	0.5	0.5816	0.5408	-0.0816	-0.02482807990627938	0.02482807990627938	1.2599207987597048
ukbfam_wb	12	107445881	rs7313445	A	G	-0.02167	0.005483	NA	NA	NA	NA	0.42167728971377594	-0.42167728971377594	NA
ukbfam_wb	12	116393174	rs11616067	G	A	-0.00754	0.6087	0.264	0.2092	0.2366	0.054800000000000015	0.7442587618829429	-0.7442587618829429	-0.828773512781039
ukbfam_wb	12	121222578	rs3213566	C	T	-0.00278	1	0.5056	0.5663	0.53595	-0.060699999999999976	-0.17137889499355505	0.17137889499355505	0.9398789284429775
ukbfam_wb	12	123154039	rs6489191	G	A	-0.002428	1	NA	NA	NA	NA	-1.5944739977033497	1.5944739977033497	NA
ukbfam_wb	12	123921264	rs28434767	T	G	0.003773	0.5143	NA	NA	NA	NA	-0.5213430201402713	-0.5213430201402713	NA
ukbfam_wb	12	124362889	rs11057382	T	C	-0.02055	0.006101	NA	NA	NA	NA	-0.017917720201264416	0.017917720201264416	NA
ukbfam_wb	12	124802638	rs4765544	A	G	-0.01113	0.1293	0.5954999999999999	0.5918	0.59365	0.0036999999999999256	-1.5441454964806474	1.5441454964806474	-0.04627879636071515
ukbfam_wb	13	30177337	rs172179	C	G	-0.01043	0.1647	0.61240000000000006	0.6173	0.61485	-0.0048999999999999044	-0.1861870609726613	0.1861870609726613	0.08541307372176314
ukbfam_wb	13	41137804	rs2755209	C	A	-0.004056	0.6087	0.4101	0.449	0.42955	-0.03889999999999999	-0.66503383507718	0.66503383507718	0.6060553507920378
ukbfam_wb	13	50721117	rs2066593	C	T	-0.01373	0.08031	0.5112	0.5357000000000001	0.52345	-0.024500000000000077	0.2894238306627587	-0.2894238306627587	0.3855480334446292
ukbfam_wb	13	50833707	rs706606	C	T	-0.01806	0.01933	0.5337000000000001	0.5204	0.52705	0.01330000000000009	-1.6653666116746981	1.6653666116746981	-0.19328367459232423
ukbfam_wb	13	51106555	rs1239947	T	C	-0.005743	0.3607	0.6517	0.6633	0.6575	-0.011600000000000055	-0.39076274882291967	0.39076274882291967	0.18801022832090755
ukbfam_wb	13	73631873	rs3812852	G	A	-0.01444	0.2476	0.05618	0.08163	0.068905	-0.025449999999999993	-0.3023923029988147	0.3023923029988147	0.40009539118629733
ukbfam_wb	13	73731214	rs61967425	G	C	-0.0262	0.02804	NA	NA	NA	NA	0.6165658962854387	-0.6165658962854387	NA
ukbfam_wb	13	92015977	rs8002779	A	G	-0.009654	0.2045	0.5562	0.6173	0.58675	-0.06109999999999993	-0.19245445186227345	0.19245445186227345	0.9460041317026271
ukbfam_wb	14	23725147	rs977870	T	G	-0.003862	0.8	0.4775	0.5663	0.5219	-0.08880000000000005	0.26343522575460127	-0.26343522575460127	1.3701744574334103
ukbfam_wb	14	23749037	rs35759537	T	C	0.006356	0.8571	NA	NA	NA	NA	-0.5371999361206278	-0.5371999361206278	NA
ukbfam_wb	14	24835500	rs36226649	C	T	0.03302	0.02158	NA	NA	NA	NA	0.26753922503927796	0.26753922503927796	NA
ukbfam_wb	14	24860887	rs11629005	C	T	-0.007675	0.2778	0.4944	0.4337	0.46404999999999996	0.06070000000000003	0.5252818050855771	-0.5252818050855771	-0.9191202608608808
ukbfam_wb	14	55279763	rs11158025	T	C	0.006579	0.3286	NA	NA	NA	NA	1.0121617495922277	1.0121617495922277	NA
ukbfam_wb	14	59679186	rs1252989	G	A	-0.01411	0.05442	0.4382	0.4184	0.4283	0.019799999999999984	-0.15578101849991827	0.15578101849991827	-0.2928182275616396
ukbfam_wb	14	64988830	rs45512391	A	C	-0.01075	0.3667	NA	NA	NA	NA	1.921254907903688	-1.921254907903688	NA
ukbfam_wb	14	70490799	rs8016522	A	G	0.01614	0.0314	0.4494	0.3878	0.41859999999999997	0.061600000000000044	1.3120081289816237	1.3120081289816237	0.9329019681950941
ukbfam_wb	14	76447850	rs11466414	A	G	-0.00869	0.6087	0.05056	0.03061	0.040584999999999996	0.019950000000000002	2.7117988380307834	-2.7117988380307834	-0.2951151787840087
ukbfam_wb	14	92459958	rs8007661	T	C	-0.03697	1e-6	0.4775	0.4286	0.45304999999999995	0.0489	1.6857196187145307	-1.6857196187145307	-0.7384267647011972
ukbfam_wb	14	93404674	rs6575304	C	T	-0.004883	0.5	0.4888	0.5765	0.5326500000000001	-0.0877	-1.1330212203282193	1.1330212203282193	1.3533301484693714
ukbfam_wb	14	93407134	rs35502373	T	C	0.0207	0.1487	NA	NA	NA	NA	-0.09478893196659349	-0.09478893196659349	NA
ukbfam_wb	14	94873695	rs35306951	G	C	0.01175	0.3038	NA	NA	NA	NA	-0.3374730264226471	-0.3374730264226471	NA
ukbfam_wb	14	104018105	rs10141157	C	T	-0.02351	0.002306	0.5225	0.4796	0.50105	0.04289999999999994	-0.4721356046633511	0.4721356046633511	-0.6465487158064421
ukbfam_wb	15	48684958	rs12592845	T	C	-0.05019	1.721e-4	0.08989	0.07143	0.08066	0.018460000000000004	-0.4469883627737426	0.4469883627737426	-0.2722987966418115
ukbfam_wb	15	48728634	rs2042747	T	C	0.01909	0.02664	0.7416	0.7857000000000001	0.76365	-0.04410000000000003	0.296610805216262	0.296610805216262	-0.6856829931674919
ukbfam_wb	15	51220390	rs2414078	G	A	0.02205	0.003366	NA	NA	NA	NA	-0.8757401458599154	-0.8757401458599154	NA
ukbfam_wb	15	51529112	rs700518	C	T	0.01276	0.1374	0.5393	0.4439	0.49160000000000004	0.09539999999999998	1.3504664451106203	1.3504664451106203	1.4504816436355414
ukbfam_wb	15	62155282	rs4775445	G	A	-0.003505	0.8571	0.4101	0.4643	0.43720000000000003	-0.05419999999999997	-0.30682096034868056	0.30682096034868056	0.8403443754736605
ukbfam_wb	15	67035153	rs755450	G	A	-0.02856	2.088e-4	0.5281	0.6275999999999999	0.57785	-0.09949999999999992	1.40746199969035	-1.40746199969035	1.5340236446290532
ukbfam_wb	15	74080021	rs7167676	G	T	0.01547	0.1901	NA	NA	NA	NA	-1.1497020351633076	-1.1497020351633076	NA
ukbfam_wb	15	74241506	rs750460	A	G	-0.02904	1.345e-4	0.4438	0.4694	0.4566	-0.02560000000000001	0.8930153893514468	-0.8930153893514468	0.40239234240866645
ukbfam_wb	15	74548773	rs9783698	A	G	0.001521	0.8	0.2697	0.2857	0.2777	-0.016000000000000014	1.176627987012958	1.176627987012958	-0.25538746417705993
ukbfam_wb	15	75929991	rs79604958	C	G	0.02168	0.2577	NA	NA	NA	NA	0.12458498374039764	0.12458498374039764	NA
ukbfam_wb	15	77830430	rs869302	C	T	-0.017	0.03033	0.3989	0.4133	0.4061	-0.014400000000000024	-0.3402761278229986	0.3402761278229986	0.230886651138459
ukbfam_wb	15	84484897	rs4262914	A	G	0.01296	0.0799	0.5393	0.398	0.46865	0.14129999999999998	1.6613344524266218	1.6613344524266218	2.15334871768041
ukbfam_wb	15	84639350	rs2277849	T	C	-0.02299	0.006045	0.2978	0.2347	0.26625	0.06310000000000002	0.00504566943285011	-0.00504566943285011	-0.9558714804187822
ukbfam_wb	15	85215229	rs6496318	T	C	0.005072	0.5769	0.4888	0.4031	0.44595	0.0857	1.4701144717813501	1.4701144717813501	1.3019454645890225
ukbfam_wb	15	89079672	rs17197019	C	T	0.00717	0.4038	0.5393	0.5204	0.5298499999999999	0.018900000000000028	-0.34833057440394866	-0.34833057440394866	0.27903652022742714
ukbfam_wb	15	89359689	rs8041863	A	T	0.02422	0.001723	0.5169	0.4592	0.48805	0.05770000000000003	0.0386359379014152	0.0386359379014152	0.8731812364135036
ukbfam_wb	15	89368821	rs17199220	A	G	-0.01154	0.1208	NA	NA	NA	NA	-0.9028388399902821	0.9028388399902821	NA
ukbfam_wb	15	89383006	rs883325	G	T	-0.007937	0.3286	0.5448999999999999	0.4847	0.5147999999999999	0.06019999999999992	-0.04579318776075533	0.04579318776075533	-0.9114637567863162
ukbfam_wb	15	89549378	rs28662144	A	G	-8.704e-5	1	NA	NA	NA	NA	-0.10999225903853939	0.10999225903853939	NA
ukbfam_wb	15	91351868	rs2270132	C	A	-4.208e-5	1	0.4607	0.4796	0.47015	-0.018900000000000028	-0.8197211973985556	0.8197211973985556	0.29979518780952463
ukbfam_wb	15	94561153	rs7183056	T	C	0.01612	0.02322	0.5112	0.5509999999999999	0.5310999999999999	-0.039799999999999947	-0.331910076140435	-0.331910076140435	-0.6198370581262502
ukbfam_wb	15	99563857	rs2663126	A	G	-0.001576	1	NA	NA	NA	NA	0.05206220115091786	-0.05206220115091786	NA
ukbfam_wb	15	100509498	rs2581381	C	T	-3.78e-4	1	NA	NA	NA	NA	0.38185089035652797	-0.38185089035652797	NA
ukbfam_wb	15	100619440	rs11853226	A	G	0.02388	0.1278	0.09551	0.09184	0.09367500000000001	0.0036699999999999927	0.6181880409518082	0.6181880409518082	0.045819406116242405
ukbfam_wb	16	2571234	rs78272777	C	G	-0.02066	0.2	NA	NA	NA	NA	0.31345867601898814	-0.31345867601898814	NA
ukbfam_wb	16	4756679	rs1684618	G	A	-0.01153	0.13	0.4775	0.4949	0.48619999999999997	-0.017400000000000027	0.18735716297832947	-0.18735716297832947	0.27682567558583604
ukbfam_wb	16	14401962	rs30232	A	G	0.01857	0.01389	0.4944	0.602	0.5482	-0.10759999999999997	-1.0252814687767098	-1.0252814687767098	-1.6580590106369721
ukbfam_wb	16	15154898	rs3751877	C	T	-0.01281	0.4524	0.1124	0.1122	0.1123	2.0000000000000573e-4	-0.11658913236643041	0.11658913236643041	0.007316732161223522
ukbfam_wb	16	55069693	rs4783865	A	G	-0.004602	0.3667	0.4551	0.4796	0.46735000000000004	-0.024500000000000022	1.3636607620612369	-1.3636607620612369	0.38554803344462835
ukbfam_wb	16	70548297	rs3931036	A	G	-0.0232	0.148	0.90449	0.95918	0.931835	-0.054690000000000016	-1.7270998727751883	1.7270998727751883	0.8478477494667328
ukbfam_wb	16	75181554	rs8059411	C	T	0.01942	0.01014	NA	NA	NA	NA	-1.433567993833531	-1.433567993833531	NA
ukbfam_wb	16	81550116	rs79950365	G	A	0.002428	1	NA	NA	NA	NA	1.4296194920857892	1.4296194920857892	NA
ukbfam_wb	17	10044114	rs2157696	A	G	-0.01359	0.06055	0.4831	0.3418	0.41245	0.14129999999999998	-2.127343206856301	2.127343206856301	-2.15334871768041
ukbfam_wb	17	18041507	rs2280777	T	C	-0.009253	0.2778	0.5618000000000001	0.4286	0.49520000000000003	0.1332000000000001	0.9885564916622697	-0.9885564916622697	-2.029313351672494
ukbfam_wb	17	27889986	rs542939	C	T	0.03559	7e-6	0.6404000000000001	0.6275999999999999	0.634	0.012800000000000145	-1.5813365191405446	-1.5813365191405446	0.18562717051776223
ukbfam_wb	17	27941886	rs13723	G	A	-0.01293	0.07045	0.5	0.4388	0.46940000000000004	0.06119999999999998	-0.29619140639426467	0.29619140639426467	-0.9267767649354428
ukbfam_wb	17	28521136	rs79907227	G	A	-0.004532	0.65	NA	NA	NA	NA	-0.780192396530055	0.780192396530055	NA
ukbfam_wb	17	29221277	rs62070652	T	C	-0.03773	2e-6	NA	NA	NA	NA	-0.5971908793217908	0.5971908793217908	NA
ukbfam_wb	17	29818894	rs4795613	G	A	-0.006637	0.4167	NA	NA	NA	NA	-0.7033742357489005	0.7033742357489005	NA
ukbfam_wb	17	38596425	rs1009570	A	G	-0.01149	0.1172	0.3539	0.3776	0.36575	-0.0237	1.25149509365734	-1.25149509365734	0.3732976269253275
ukbfam_wb	17	43253551	rs76679230	A	G	0.04254	3.837e-4	NA	NA	NA	NA	-0.39636981959323814	-0.39636981959323814	NA
ukbfam_wb	17	43268267	rs6503426	T	C	0.01261	0.1245	NA	NA	NA	NA	1.3934884065730269	1.3934884065730269	NA
ukbfam_wb	17	47039132	rs2291725	C	T	-0.01087	0.1388	0.5506	0.5051	0.5278499999999999	0.045499999999999985	-1.4405741871070288	1.4405741871070288	-0.6863625369941697
ukbfam_wb	17	47450057	rs7209400	T	C	-0.01294	0.1647	0.573	0.4745	0.5237499999999999	0.09849999999999998	-0.3741276965989105	0.3741276965989105	-1.4979519688978309
ukbfam_wb	17	47534574	rs1867088	G	A	-0.008342	0.2824	0.5674	0.5306	0.5489999999999999	0.036800000000000055	1.3455343734466099	-1.3455343734466099	-0.5531393660967773
ukbfam_wb	17	49244747	rs4605213	C	G	0.008685	0.2857	0.3258	0.2857	0.30574999999999997	0.04009999999999997	-0.13127704976488058	-0.13127704976488058	0.6036722929888907
ukbfam_wb	17	54773238	rs227731	G	T	-0.004048	0.8	0.4719	0.3367	0.4043	0.1352	-0.9822170159781952	0.9822170159781952	-2.0599393679707436
ukbfam_wb	17	54850329	rs4794665	G	A	-0.01406	0.06275	0.5112	0.5561	0.53365	-0.04490000000000005	-0.3894800225620107	0.3894800225620107	0.6979333996867928
ukbfam_wb	17	59516472	rs9896616	C	T	0.01294	0.1193	0.4382	0.4235	0.43084999999999996	0.01469999999999999	0.5712110554930718	0.5712110554930718	0.21472188600109868
ukbfam_wb	17	59608842	rs1476800	A	G	-0.02272	0.003032	0.618	0.5204	0.5691999999999999	0.09760000000000002	-0.2740926508935265	0.2740926508935265	-1.4841702615636183
ukbfam_wb	17	59675381	rs728368	T	C	-0.001672	0.8571	0.6067	0.6327	0.6197	-0.026000000000000023	-0.6042965083515384	0.6042965083515384	0.4085175456683169
ukbfam_wb	17	62008437	rs2003549	T	C	0.02472	0.004081	0.2921	0.2449	0.2685	0.04720000000000002	1.4418832953174174	1.4418832953174174	0.7123946508476838
ukbfam_wb	17	62020348	rs2058194	C	T	0.01923	0.01133	0.5393	0.6327	0.5860000000000001	-0.09340000000000004	-1.2264026495109448	-1.2264026495109448	-1.4406142949193883
ukbfam_wb	17	63554591	rs2240308	A	G	-0.007168	0.3548	0.5225	0.3724	0.44745	0.15009999999999996	0.8039091722437692	-0.8039091722437692	-2.2881031893927157
ukbfam_wb	17	63566399	rs12942924	T	A	-0.01053	0.13	0.5225	0.5	0.51125	0.022499999999999964	-1.5527545961227718	1.5527545961227718	-0.3341633495642786
ukbfam_wb	17	63721867	rs232095	G	A	0.002646	0.6667	NA	NA	NA	NA	1.3889057374787854	1.3889057374787854	NA
ukbfam_wb	17	66303352	rs2072268	A	G	-0.01774	0.02106	0.3989	0.4949	0.44689999999999996	-0.09600000000000003	-0.5464033808824308	0.5464033808824308	1.4804281161071151
ukbfam_wb	17	67408873	rs2592208	A	C	-0.005757	0.5152	0.5056	0.5051	0.50535	5.00000000000056e-4	0.5989168698646886	-0.5989168698646886	0.002722829716485047
ukbfam_wb	17	68026021	rs180160	T	C	0.02446	0.001011	0.4831	0.4184	0.45075	0.06469999999999998	0.5325763816141176	0.5325763816141176	0.9803722934573827
ukbfam_wb	17	76403984	rs4129767	A	G	0.009318	0.2688	0.5112	0.4337	0.47245	0.07750000000000001	0.09003873888264448	0.09003873888264448	1.176378797766192
ukbfam_wb	17	76881703	rs4789939	C	T	-0.0127	0.1556	0.8596	0.8112	0.8354	0.0484	-0.7969605664135848	0.7969605664135848	-0.7307702606266343
ukbfam_wb	18	21120444	rs1805082	C	T	-0.01111	0.1591	0.5843	0.3367	0.4605	0.24760000000000004	2.1439201201272335	-2.1439201201272335	-3.7811214839324716
ukbfam_wb	18	33042437	rs12962513	C	G	0.004859	0.65	0.382	0.3418	0.3619	0.040200000000000014	-0.35653698140908663	-0.35653698140908663	0.605203593803804
ukbfam_wb	18	47054317	rs10853580	G	A	-0.0116	0.243	0.1685	0.1378	0.15315	0.030700000000000005	0.9346700885936239	-0.9346700885936239	-0.45973001638710986
ukbfam_wb	18	57728947	rs3897645	C	T	-0.00254	0.6364	0.5674	0.5408	0.5541	0.026600000000000068	-0.301066016713233	0.301066016713233	-0.3969466829756955
ukbfam_wb	19	5066995	rs2613766	C	T	0.00212	0.8	0.4775	0.4847	0.48109999999999997	-0.00720000000000004	-0.8228033107253772	-0.8228033107253772	-0.1206329924647543
ukbfam_wb	19	7196565	rs2115386	T	C	-0.01564	0.05107	0.4157	0.4898	0.45275	-0.0741	0.4862037165398232	-0.4862037165398232	1.145073237641262
ukbfam_wb	19	7223848	rs4804416	G	T	-0.01109	0.1346	0.3764	0.4184	0.3974	-0.04199999999999998	-0.025945502474758166	0.025945502474758166	0.6535256760543273
ukbfam_wb	19	8625081	rs111644945	A	G	-0.03531	0.005551	NA	NA	NA	NA	-1.991485842636408	1.991485842636408	NA
ukbfam_wb	19	8644031	rs4072910	C	G	-0.01742	0.01533	0.4494	0.5	0.4747	-0.05059999999999998	0.2646409443966987	-0.2646409443966987	0.7852175461368082
ukbfam_wb	19	8668121	rs8108747	C	T	-0.01031	0.1505	NA	NA	NA	NA	-0.8597342266314215	0.8597342266314215	NA
ukbfam_wb	19	8672000	rs7249094	A	G	-0.02719	3.36e-4	0.427	0.4133	0.42015	0.01369999999999999	0.5930894162734242	-0.5930894162734242	-0.19940887785197298
ukbfam_wb	19	17279752	rs12986130	A	C	-0.006689	0.5833	0.2921	0.3112	0.30165	-0.01909999999999995	-0.15927998598910992	0.15927998598910992	0.30285778943934855
ukbfam_wb	19	37636776	rs8108429	C	A	-0.004088	0.65	0.5618000000000001	0.4235	0.49265000000000003	0.1383000000000001	-0.5726951900837576	0.5726951900837576	-2.107409693233035
ukbfam_wb	20	4088326	rs11699209	A	C	0.01112	0.1514	NA	NA	NA	NA	-1.282620743822716	-1.282620743822716	NA
ukbfam_wb	20	4091972	rs6052360	T	C	0.01335	0.2892	0.8371	0.852	0.8445499999999999	-0.014900000000000024	-0.528268891541325	-0.528268891541325	-0.23854315521302183
ukbfam_wb	20	4101800	rs1741344	T	C	-0.006724	0.4524	0.6461	0.6939	0.6699999999999999	-0.047799999999999954	-1.021003341135627	1.021003341135627	0.7423411233192558
ukbfam_wb	20	5114251	rs6107580	A	G	-0.0195	0.07812	NA	NA	NA	NA	-0.32453850941906615	0.32453850941906615	NA
ukbfam_wb	20	6230133	rs6038393	T	C	0.01172	0.1687	0.1854	0.2857	0.23555	-0.1003	0.26779195472388034	0.26779195472388034	-1.546274051148355
ukbfam_wb	20	6433261	rs6054274	C	T	-0.01641	0.02855	NA	NA	NA	NA	-0.7751370138846635	0.7751370138846635	NA
ukbfam_wb	20	6454309	rs6077007	G	A	0.02097	0.1115	0.08989	0.1684	0.129145	-0.07851	0.29560428654833876	0.29560428654833876	-1.2126036035789063
ukbfam_wb	20	6634566	rs6038571	C	A	-0.03218	1.6e-5	0.5112	0.4745	0.49285	0.03670000000000001	0.09172301016404208	-0.09172301016404208	-0.551608065281864
ukbfam_wb	20	6653623	rs11698104	A	G	-0.01149	0.1094	NA	NA	NA	NA	-0.4000611103455632	0.4000611103455632	NA
ukbfam_wb	20	6686426	rs6085659	G	A	-0.009295	0.2697	0.3764	0.4388	0.4076	-0.06240000000000001	-0.08286441108545474	0.08286441108545474	0.9659110422964917
ukbfam_wb	20	6708281	rs16992573	G	A	-0.001747	1	0.0618	0.1173	0.08955	-0.0555	-0.5674759350919617	0.5674759350919617	0.8602512860675243
ukbfam_wb	20	32477633	rs6057929	G	A	0.009085	0.2525	0.4326	0.5867	0.5096499999999999	-0.15410000000000001	-1.9827330577512177	-1.9827330577512177	-2.370113889571317
ukbfam_wb	20	33036482	rs6059844	G	A	0.01518	0.04545	NA	NA	NA	NA	0.14134873977147927	0.14134873977147927	NA
ukbfam_wb	20	33713639	rs6088727	A	G	-0.01308	0.1115	0.6685	0.6735	0.671	-0.0050000000000000044	-2.1640166551140227	2.1640166551140227	0.08694437453667724
ukbfam_wb	20	34025756	rs143384	G	A	0.0504	1e-6	0.3764	0.4796	0.42800000000000005	-0.10320000000000001	-0.8725375204625683	-0.8725375204625683	-1.5906817747808197
ukbfam_wb	20	34190699	rs738703	T	C	-0.01387	0.08721	0.7191000000000001	0.6684	0.6937500000000001	0.05070000000000008	-1.4730903641161701	1.4730903641161701	-0.7659901793696247
ukbfam_wb	20	34302957	rs113730848	G	C	0.02823	0.06102	NA	NA	NA	NA	0.4431621430308429	0.4431621430308429	NA
ukbfam_wb	20	34751654	rs4142032	C	T	0.02868	0.04726	0.05056	0.1071	0.07883	-0.05654	0.10113787549605942	0.10113787549605942	-0.876176814542615
ukbfam_wb	20	35052815	rs1702766	G	T	-0.001687	0.75	0.4551	0.4184	0.43674999999999997	0.03670000000000001	0.37884198541854464	-0.37884198541854464	-0.551608065281864
ukbfam_wb	20	47517794	rs2024594	G	A	0.0275	8.605e-4	0.5281	0.5051	0.5166	0.02300000000000002	0.7470398372502842	0.7470398372502842	0.3418198536388423
ukbfam_wb	20	54845796	rs6064362	A	G	-0.01043	0.1379	0.6461	0.5611999999999999	0.60365	0.08490000000000009	-0.5493420985720988	0.5493420985720988	-1.2896950580697233
ukbfam_wb	21	17394903	rs2823559	G	A	-0.0176	0.05825	NA	NA	NA	NA	-2.018983788668331	2.018983788668331	NA
ukbfam_wb	21	35721560	rs8128316	T	C	0.01608	0.02836	0.4607	0.4133	0.437	0.0474	0.9558812675884649	0.9558812675884649	0.7154572524775087
ukbfam_wb	22	20789074	rs1005640	C	T	0.01418	0.04087	0.4326	0.4541	0.44335	-0.02150000000000002	-0.6512335462691147	-0.6512335462691147	-0.33960900899725127
ukbfam_wb	22	33108981	rs7286819	T	C	-0.03854	5.942e-4	NA	NA	NA	NA	-0.61502922017585	0.61502922017585	NA
ukbfam_wb	22	41929175	rs2076198	G	T	-0.007917	0.3056	0.4438	0.5306	0.48719999999999997	-0.08679999999999999	0.5712660575405735	-0.5712660575405735	1.3395484411351581
ukbfam_wb	22	43290583	rs4822220	C	T	-0.01256	0.08709	0.4775	0.5	0.48875	-0.02250000000000002	-0.5262482005636923	0.5262482005636923	0.35492201714637694
ukbfam_wb	22	45814536	rs9754402	C	T	0.00721	0.5769	0.4719	0.5459	0.5089	-0.07400000000000007	-1.3848551630308794	-1.3848551630308794	-1.1435419368263504
